{"cameraMode":{"drawMode":0,"name":"Shaded","section":"Shading Mode"},"sceneLighting":true,"audioPlay":false,"sceneViewState":{"m_AlwaysRefresh":false,"showFog":true,"showSkybox":true,"showFlares":true,"showImageEffects":true,"showParticleSystems":true,"showVisualEffectGraphs":true,"m_FxEnabled":true},"in2DMode":false,"pivot":{"x":5.847748756408691,"y":-48.300514221191409,"z":260.4916076660156},"rotation":{"x":-0.10361333191394806,"y":-0.017000598832964898,"z":0.001710747485049069,"w":-0.9945111274719238},"size":141.0722198486328,"orthographic":false}